{"cameraMode":{"drawMode":0,"name":"Shaded","section":"Shading Mode"},"sceneLighting":false,"audioPlay":false,"sceneViewState":{"showFog":true,"showMaterialUpdate":false,"showSkybox":true,"showFlares":true,"showImageEffects":true,"showParticleSystems":true},"in2DMode":false,"pivot":{"x":-1.0288523435592652,"y":1.4442805051803589,"z":-0.05320863425731659},"rotation":{"x":-0.29039445519447329,"y":0.22323225438594819,"z":-0.06986426562070847,"w":-0.9278779625892639},"size":4.785788536071777,"orthographic":false}