{"cameraMode":{"drawMode":0,"name":"Shaded","section":"Shading Mode"},"sceneLighting":false,"audioPlay":false,"sceneViewState":{"showFog":true,"showMaterialUpdate":false,"showSkybox":true,"showFlares":true,"showImageEffects":true,"showParticleSystems":true},"in2DMode":false,"pivot":{"x":0.04195379465818405,"y":1.1748830080032349,"z":0.09185619652271271},"rotation":{"x":-0.20416951179504395,"y":-0.2332575023174286,"z":0.05011041462421417,"w":-0.9494180679321289},"size":3.3155434131622316,"orthographic":false}