{"cameraMode":{"drawMode":0,"name":"Shaded","section":"Shading Mode"},"sceneLighting":false,"audioPlay":false,"sceneViewState":{"showFog":true,"showMaterialUpdate":false,"showSkybox":false,"showFlares":true,"showImageEffects":true,"showParticleSystems":true},"in2DMode":false,"pivot":{"x":-0.41587626934051516,"y":2.1847875118255617,"z":-0.10050678253173828},"rotation":{"x":0.00010628737072693184,"y":-0.9867112636566162,"z":-0.0005924141150899231,"w":-0.16248230636119843},"size":5.935727119445801,"orthographic":false}