{"cameraMode":{"drawMode":0,"name":"Shaded","section":"Shading Mode"},"sceneLighting":false,"audioPlay":false,"sceneViewState":{"showFog":true,"showMaterialUpdate":true,"showSkybox":true,"showFlares":true,"showImageEffects":true,"showParticleSystems":true},"in2DMode":false,"pivot":{"x":11.024688720703125,"y":6.5933122634887699,"z":-10.390350341796875},"rotation":{"x":-0.07164667546749115,"y":0.6180993914604187,"z":0.056708451360464099,"w":0.7807714343070984},"size":24.69481658935547,"orthographic":false}