{"cameraMode":{"drawMode":0,"name":"Shaded","section":"Shading Mode"},"sceneLighting":false,"audioPlay":false,"sceneViewState":{"showFog":true,"showMaterialUpdate":true,"showSkybox":true,"showFlares":true,"showImageEffects":true,"showParticleSystems":true},"in2DMode":false,"pivot":{"x":-13.405181884765625,"y":3.544093370437622,"z":-12.539192199707032},"rotation":{"x":-0.07164667546749115,"y":0.6180993914604187,"z":0.056708451360464099,"w":0.7807714343070984},"size":17.22987937927246,"orthographic":false}