{"cameraMode":{"drawMode":0,"name":"Shaded","section":"Shading Mode"},"sceneLighting":false,"audioPlay":false,"sceneViewState":{"showFog":true,"showMaterialUpdate":true,"showSkybox":true,"showFlares":true,"showImageEffects":true,"showParticleSystems":true},"in2DMode":false,"pivot":{"x":1.0259753465652466,"y":1.3089998960494996,"z":4.734742641448975},"rotation":{"x":-0.2753916084766388,"y":-0.3572100102901459,"z":0.11108145117759705,"w":-0.8855628371238709},"size":1.688722848892212,"orthographic":false}