{"cameraMode":{"drawMode":0,"name":"Shaded","section":"Shading Mode"},"sceneLighting":false,"audioPlay":false,"sceneViewState":{"showFog":true,"showMaterialUpdate":true,"showSkybox":true,"showFlares":true,"showImageEffects":true,"showParticleSystems":true},"in2DMode":false,"pivot":{"x":-3.368440628051758,"y":0.7731717228889465,"z":1.6420776844024659},"rotation":{"x":-0.11613784730434418,"y":0.6133520603179932,"z":-0.09167476743459702,"w":-0.7758266925811768},"size":6.9635443687438969,"orthographic":false}