{"cameraMode":{"drawMode":0,"name":"Shaded","section":"Shading Mode"},"sceneLighting":false,"audioPlay":false,"sceneViewState":{"showFog":true,"showMaterialUpdate":true,"showSkybox":true,"showFlares":true,"showImageEffects":true,"showParticleSystems":true},"in2DMode":false,"pivot":{"x":1.069000005722046,"y":1.3339999914169312,"z":4.64900016784668},"rotation":{"x":-0.3211413323879242,"y":-0.29505425691604617,"z":0.10603263974189758,"w":-0.8936265110969544},"size":0.1887228935956955,"orthographic":false}