{"cameraMode":{"drawMode":0,"name":"Shaded","section":"Shading Mode"},"sceneLighting":false,"audioPlay":false,"sceneViewState":{"showFog":true,"showMaterialUpdate":true,"showSkybox":true,"showFlares":true,"showImageEffects":true,"showParticleSystems":true},"in2DMode":false,"pivot":{"x":2.9802322387695315e-8,"y":0.000768657773733139,"z":-4.470348358154297e-8},"rotation":{"x":0.1731729805469513,"y":-0.24959808588027955,"z":0.04541754722595215,"w":0.9516559839248657},"size":0.3588319420814514,"orthographic":false}