{"cameraMode":{"drawMode":0,"name":"Shaded","section":"Shading Mode"},"sceneLighting":false,"audioPlay":false,"sceneViewState":{"showFog":true,"showMaterialUpdate":true,"showSkybox":true,"showFlares":true,"showImageEffects":true,"showParticleSystems":true},"in2DMode":false,"pivot":{"x":-0.09869998693466187,"y":-0.036299943923950198,"z":0.93951416015625},"rotation":{"x":-0.2021106779575348,"y":-0.06693580746650696,"z":0.013846728950738907,"w":-0.9769744873046875},"size":4.245697975158691,"orthographic":false}