{"cameraMode":{"drawMode":0,"name":"Shaded","section":"Shading Mode"},"sceneLighting":false,"audioPlay":false,"sceneViewState":{"showFog":true,"showMaterialUpdate":false,"showSkybox":true,"showFlares":true,"showImageEffects":true,"showParticleSystems":true},"in2DMode":false,"pivot":{"x":-0.2160000056028366,"y":1.4700000286102296,"z":0.5740000009536743},"rotation":{"x":0.35583433508872988,"y":0.09981243312358856,"z":-0.03824860602617264,"w":0.9284161329269409},"size":0.28578832745552065,"orthographic":false}