{"cameraMode":{"drawMode":0,"name":"Shaded","section":"Shading Mode"},"sceneLighting":false,"audioPlay":false,"sceneViewState":{"showFog":true,"showMaterialUpdate":false,"showSkybox":true,"showFlares":true,"showImageEffects":true,"showParticleSystems":true},"in2DMode":false,"pivot":{"x":3.009999990463257,"y":0.17499999701976777,"z":2.4800000190734865},"rotation":{"x":0.004704214632511139,"y":0.9000036120414734,"z":-0.4357486665248871,"w":0.009717460721731186},"size":0.3976706862449646,"orthographic":false}